Artist,Title,Lvl,Type,Instrument,Style,Season,Card #,Release,Playlist,Source,BPM,Key,Illustrator,Effect
The Transformers,Main Title Song,2,Wild,V/K/D/K,"Soundtrack, Dance/Electronic",P01,C001,9/1/17,DM,Promo,85,D Minor,Shawn Kenney,
Bruno Mars,24K Magic,2,Wild,V/K/D/K,"Pop, R&B",S01,C001,9/24/17,Sweets,Gaming System,107,F Minor,Dan Stiles,
Carly Rae Jepsen,Call Me Maybe,2,Lead,Vocals,Pop,S01,C002,9/24/17,Sweets,Gaming System,120,G Major,Sander Berg,
Sia,Chandelier,3,Lead,Vocals,Pop,S01,C003,9/24/17,Sweets,Gaming System,87,Db Major,Lisk Feng,
Ricky Martin,La Mordidita (Ft. Yotuel),1,Loop,Horns,"Latin, Pop",S01,C004,9/24/17,Sweets,Gaming System,142,E Minor,Gianna Ruggiero,
The Lingala Sound,Crystal Beach,1,Loop,Keys,"Pop, Dance/Electronic",S01,C005,9/24/17,Sweets,Gaming System,110,E Minor,Leonard Peng,
Sia,Chandelier,2,Loop,Keys,Pop,S01,C006,9/24/17,Sweets,Gaming System,87,Db Major,Lisk Feng,
Megan Trainor,All About That Bass,3,Loop,Guitar,"Pop, R&B",S01,C007,9/24/17,Sweets,Gaming System,134,A Major,Gianna Ruggiero,
Freda Turner,Hard Light,1,Beat,Drums,"Pop, Dance/Electronic",S01,C008,9/24/17,Sweets,Gaming System,128,n/a,David Medel,
The Lingala Sound,Crystal Beach,1,Beat,Drums,"Pop, Dance/Electronic",S01,C009,9/24/17,Sweets,Gaming System,110,n/a,Leonard Peng,
CHVRCHES,The Mother We Share,2,Beat,Drums,Dance/Electronic,S01,C010,9/24/17,Sweets,Gaming System,87,n/a,Alison Polston,
Ricky Martin,La Mordidita (Ft. Yotuel),3,Beat,Drums,"Latin, Pop",S01,C011,9/24/17,Sweets,Gaming System,142,n/a,Gianna Ruggiero,
Sam Hunt,House Party,2,Bass,Guitar,"Country, Pop",S01,C012,9/24/17,Sweets,Gaming System,104,Eb Major,Justin Santora,
Carly Rae Jepsen,Call Me Maybe,3,Bass,Strings,Pop,S01,C013,9/24/17,Sweets,Gaming System,120,G Major,Sander Berg,
FX,Lift Your Voice,2,White,FX,Pop,S01,C014,9/24/17,Sweets,Gaming System,150,G Major,Kimberly Salt,Play an extra Vocals card
FX,Clear Your Mind,2,White,FX,Pop,S01,C015,9/24/17,Sweets,Gaming System,120,F Minor,Kimberly Salt,Clear 1 opponent card at random
Childish Gambino,Heartbeat,2,Wild,V/K/D/K,"Hip-Hop/Rap, R&B",S01,C016,9/24/17,Highness,Gaming System,120,E Minor,Gianna Ruggiero,
The Weeknd,Can't Feel My Face,2,Lead,Vocals,"R&B, Pop",S01,C017,9/24/17,Highness,Gaming System,108,A Minor,Justin Froning,
A Tribe Called Quest,Scenario,3,Lead,Vocals,Hip-Hop/Rap,S01,C018,9/24/17,Highness,Gaming System,102,A Major,Dennis Brown,
Charm Syndicate,All Frazzled,1,Loop,Horns,Hip-Hop/Rap,S01,C019,9/24/17,Highness,Gaming System,87,B Minor,Leonard Peng,
Sean Paul,Temperature,1,Loop,Keys,"Reggae/Reggaeton, Hip-Hop/Rap",S01,C020,9/24/17,Highness,Gaming System,125,Bb Minor,Eric Oppitz,
Run DMC,It's Tricky,2,Loop,Guitar,Hip-Hop/Rap,S01,C021,9/24/17,Highness,Gaming System,128,F Minor,Jason Dettmer,
Flo Rida,"I Don't Like It, I Love It",3,Loop,Guitar,"Hip-Hop/Rap, Pop",S01,C022,9/24/17,Highness,Gaming System,118,D Minor,Whitney Lam,
Bullwheel,Atomic Handbrake,1,Beat,Drums,Hip-Hop/Rap,S01,C023,9/24/17,Highness,Gaming System,129,n/a,Lokhaan,
Charm Syndicate,All Frazzled,1,Beat,Drums,Hip-Hop/Rap,S01,C024,9/24/17,Highness,Gaming System,87,n/a,Leonard Peng,
Far East Movement,Like a G6,2,Beat,Drums,"Dance/Electronic, Hip-Hop/Rap",S01,C025,9/24/17,Highness,Gaming System,125,n/a,Lauren Saint Onge,
Run DMC,It's Tricky,3,Beat,Drums,Hip-Hop/Rap,S01,C026,9/24/17,Highness,Gaming System,128,n/a,Jason Dettmer,
A Tribe Called Quest,Scenario,2,Bass,Guitar,Hip-Hop/Rap,S01,C027,9/24/17,Highness,Gaming System,102,A Major,Dennis Brown,
The Weeknd,Can't Feel My Face,3,Bass,Guitar,"R&B, Pop",S01,C028,9/24/17,Highness,Gaming System,108,A Minor,Justin Froning,
FX,Flame Out,2,White,FX,Hip-Hop/Rap,S01,C029,9/24/17,Highness,Gaming System,120,E Minor,Kevin Hong,+1 point for each Blue card
FX,Roll Up,3,White,FX,Hip-Hop/Rap,S01,C030,9/24/17,Highness,Gaming System,110,A Minor,Kevin Hong,Draw 1 card
Disturbed,Down With The Sickness,2,Wild,V/G/D/G,Rock,S01,C031,9/24/17,Blade,Gaming System,90,Eb Minor,Vance Kelly,
Evanescence,Bring Me To Life,2,Lead,Vocals,Rock,S01,C032,9/24/17,Blade,Gaming System,95,E Minor,Kate O'Hara,
Ed Sheeran,Sing,3,Lead,Vocals,"Pop, Rock",S01,C033,9/24/17,Blade,Gaming System,120,Ab Minor,Ashley Mackenzie,
Ed Sheeran,Sing,1,Loop,Guitar,"Pop, Rock",S01,C034,9/24/17,Blade,Gaming System,120,Ab Minor,Ashley Mackenzie,
Warlords of the Old West,Strychnine Baby,1,Loop,Guitar,Rock,S01,C035,9/24/17,Blade,Gaming System,140,D Minor,Joe Triscari,
Cake,Short Skirt Long Jacket,2,Loop,Horns,Rock,S01,C036,9/24/17,Blade,Gaming System,120,D Major,Tanner Griepentrog,
Weezer,King of the World,3,Loop,Guitar,"Rock, Pop",S01,C037,9/24/17,Blade,Gaming System,80,Gb Major,Hannah Lawler,
Pinhole Cage,Just About To Snap,1,Beat,Drums,Rock,S01,C038,9/24/17,Blade,Gaming System,120,n/a,Anthony Petrie,
Warlords of the Old West,Strychnine Baby,1,Beat,Drums,Rock,S01,C039,9/24/17,Blade,Gaming System,140,n/a,Joe Triscari,
Cake,Short Skirt Long Jacket,2,Beat,Drums,Rock,S01,C040,9/24/17,Blade,Gaming System,120,n/a,Tanner Griepentrog,
Imagine Dragons,Radioactive,3,Beat,Drums,"Rock, Pop",S01,C041,9/24/17,Blade,Gaming System,137,n/a,Lauren Saint Onge,
Fall Out Boy,Centuries,2,Bass,Guitar,"Rock, Pop",S01,C042,9/24/17,Blade,Gaming System,88,E Minor,YONIL,
Evanescence,Bring Me To Life,3,Bass,Guitar,Rock,S01,C043,9/24/17,Blade,Gaming System,95,E Minor,Kate O'Hara,
FX,Strings of Fate,2,White,FX,Rock,S01,C044,9/24/17,Blade,Gaming System,120,A Major,Vance Kelly,Play an extra Guitar card
FX,The Heartless One,2,White,FX,Rock,S01,C045,9/24/17,Blade,Gaming System,120,E Minor,Vance Kelly,Clear all opponent Blue cards
Skrillex,Bangarang,2,Wild,V/G/D/K,Dance/Electronic,S01,C046,9/24/17,Controller,Gaming System,110,G Minor,Gianna Ruggiero,
The Chainsmokers,Closer,2,Lead,Vocals,"Dance/Electronic, Pop",S01,C047,9/24/17,Controller,Gaming System,95,F Minor,Kevin Hong,
Jason Derulo,Want to Want Me,3,Lead,Vocals,"Pop, R&B",S01,C048,9/24/17,Controller,Gaming System,114,Eb Major,Alex Dos Diaz,
James Landino,Break For Me,1,Loop,Keys,"Dance/Electronic, Pop",S01,C049,9/24/17,Controller,Gaming System,121,F Minor,Bryan Olson,
The Chainsmokers,Closer,1,Loop,Guitar,"Dance/Electronic, Pop",S01,C050,9/24/17,Controller,Gaming System,95,F Minor,Kevin Hong,
ODESZA,Say My Name,2,Loop,Keys,Dance/Electronic,S01,C051,9/24/17,Controller,Gaming System,115,B Minor,Lauren Saint Onge,
Afrojack,Take Over Control,3,Loop,Keys,Dance/Electronic,S01,C052,9/24/17,Controller,Gaming System,130,C Minor,Luke Drozd,
Billzantium,Wishin' I Had It Now,1,Beat,Drums,Dance/Electronic,S01,C053,9/24/17,Controller,Gaming System,150,n/a,Elio Moavero,
James Landino,Break For Me,1,Beat,Drums,"Dance/Electronic, Pop",S01,C054,9/24/17,Controller,Gaming System,121,n/a,Bryan Olson,
Afrojack,Take Over Control,2,Beat,Drums,Dance/Electronic,S01,C055,9/24/17,Controller,Gaming System,130,n/a,Luke Drozd,
Duck Sauce,Barbra Streisand,3,Beat,Drums,Dance/Electronic,S01,C056,9/24/17,Controller,Gaming System,128,n/a,F4D Studios,
Jason Derulo,Want to Want Me,2,Bass,Guitar,"Pop, R&B",S01,C057,9/24/17,Controller,Gaming System,114,Eb Major,Alex Dos Diaz,
LMFAO,Sexy And I Know It,3,Bass,Keys,"Dance/Electronic, Hip-Hop/Rap",S01,C058,9/24/17,Controller,Gaming System,130,G Minor,Chris E. O'Neill,
FX,Assert Order,2,White,FX,Dance/Electronic,S01,C059,9/24/17,Controller,Gaming System,128,E Minor,Zach Johnsen,+2 points for a Green card
FX,Embrace Chaos,2,White,FX,Dance/Electronic,S01,C060,9/24/17,Controller,Gaming System,95,G Minor,Zach Johnsen,-2 points from opponent
Rick James,Super Freak,2,Wild,V/K/D/G,"R&B, Dance/Electronic",S01,C061,9/24/17,Derby,Playlist Pack,132,A Minor,FREAK CITY,
The Jackson 5,I Want You Back,2,Lead,Vocals,"R&B, Pop",S01,C062,9/24/17,Derby,Playlist Pack,98,Ab Major,Conor Nolan,
Gloria Gaynor,I Will Survive,3,Lead,Vocals,"R&B, Dance/Electronic",S01,C063,9/24/17,Derby,Playlist Pack,116,A Minor,FREAK CITY,
Candy Kettles,Dexting,1,Loop,Sampler,"Pop, Dance/Electronic",S01,C064,9/24/17,Derby,Playlist Pack,145,A Minor,Sean Mort,
Marlon Kane,This Is How You Left Me,1,Loop,Guitar,R&B,S01,C065,9/24/17,Derby,Playlist Pack,80,A Minor,Ben Chlapek,
Freda Turner,Hard Light,2,Loop,Keys,Pop,S01,C066,9/24/17,Derby,Playlist Pack,128,E Minor,David Medel,
The Jackson 5,I Want You Back,3,Loop,Guitar,"R&B, Pop",S01,C067,9/24/17,Derby,Playlist Pack,98,Ab Major,Conor Nolan,
Carly Rae Jepsen,Call Me Maybe,1,Beat,Drums,Pop,S01,C068,9/24/17,Derby,Playlist Pack,120,n/a,Sander Berg,
Marlon Kane,This Is How You Left Me,1,Beat,Drums,R&B,S01,C069,9/24/17,Derby,Playlist Pack,80,n/a,Ben Chlapek,
Candy Kettles,Dexting,2,Beat,Drums,"Pop, Dance/Electronic",S01,C070,9/24/17,Derby,Playlist Pack,145,n/a,Sean Mort,
Megan Trainor,All About That Bass,3,Beat,Drums,"Pop, R&B",S01,C071,9/24/17,Derby,Playlist Pack,134,n/a,Gianna Ruggiero,
Gloria Gaynor,I Will Survive,2,Bass,Guitar,"R&B, Dance/Electronic",S01,C072,9/24/17,Derby,Playlist Pack,116,A Minor,FREAK CITY,
Sia,Chandelier,3,Bass,Keys,Pop,S01,C073,9/24/17,Derby,Playlist Pack,87,Db Major,Lisk Feng,
FX,Searching Within,2,White,FX,Pop,S01,C074,9/24/17,Derby,Playlist Pack,120,F Minor,Elio Moavero,"Search your deck for a card, draw it, then shuffle your deck"
FX,Kicking It Out,3,White,FX,Pop,S01,C075,9/24/17,Derby,Playlist Pack,112,E Minor,Elio Moavero,"+3 points for a Green, Blue, Red, Yellow set"
Ginuwine,Pony,2,Wild,V/K/D/V,R&B,S01,C076,9/24/17,Mirrors,Playlist Pack,80,Db Minor,Todd Slater,
Salt-N-Pepa,Push It,2,Lead,Vocals,Hip-Hop/Rap,S01,C077,9/24/17,Mirrors,Playlist Pack,130,A Minor,Jesse Philips,
Outkast,Ms. Jackson,3,Lead,Vocals,Hip-Hop/Rap,S01,C078,9/24/17,Mirrors,Playlist Pack,97,C Major,Irena Zablotska,
Bignums,Larry's Place (Part II),1,Loop,Sampler,Hip-Hop/Rap,S01,C079,9/24/17,Mirrors,Playlist Pack,150,E Minor,Jim Mazza,
Bullwheel,Atomic Handbrake,1,Loop,Keys,Hip-Hop/Rap,S01,C080,9/24/17,Mirrors,Playlist Pack,129,Eb Minor,Lokhaan,
Dillzan Madan,Main Mistar Praim Hoon (I Am Mister Prime),2,Loop,Guitar,"Soundtrack, Pop",S01,C081,9/24/17,Mirrors,Playlist Pack,128,E Minor,Anne Szabla,
Salt-N-Pepa,Push It,3,Loop,Keys,Hip-Hop/Rap,S01,C082,9/24/17,Mirrors,Playlist Pack,130,A Minor,Jesse Philips,
Sean Paul,Temperature,1,Beat,Drums,"Reggae/Reggaeton, Hip-Hop/Rap",S01,C083,9/24/17,Mirrors,Playlist Pack,125,n/a,Eric Oppitz,
The Weeknd,Can't Feel My Face,1,Beat,Drums,"R&B, Pop",S01,C084,9/24/17,Mirrors,Playlist Pack,108,n/a,Justin Froning,
Dillzan Madan,Main Mistar Praim Hoon (I Am Mister Prime),2,Beat,Drums,"Soundtrack, Pop",S01,C085,9/24/17,Mirrors,Playlist Pack,128,n/a,Anne Szabla,
A Tribe Called Quest,Scenario,3,Beat,Drums,Hip-Hop/Rap,S01,C086,9/24/17,Mirrors,Playlist Pack,102,n/a,Dennis Brown,
Bullwheel,Atomic Handbrake,2,Bass,Horns,Hip-Hop/Rap,S01,C087,9/24/17,Mirrors,Playlist Pack,129,Eb Minor,Lokhaan,
Outkast,Ms. Jackson,3,Bass,Guitar,Hip-Hop/Rap,S01,C088,9/24/17,Mirrors,Playlist Pack,97,C Major,Irena Zablotska,
FX,Lay It Down,2,White,FX,Hip-Hop/Rap,S01,C089,9/24/17,Mirrors,Playlist Pack,105,n/a,Elio Moavero,Play an extra Red card
FX,Bust It Up,3,White,FX,Hip-Hop/Rap,S01,C090,9/24/17,Mirrors,Playlist Pack,103,Bb Minor,Elio Moavero,+2 points for each Drums / Vocals Pair
Blink-182,All The Small Things,2,Wild,V/G/D/G,"Rock, Pop",S01,C091,9/24/17,Ouroboros,Playlist Pack,148,C Major,Gianna Ruggiero,
Walk the Moon,Shut Up And Dance,2,Lead,Vocals,"Rock, Pop",S01,C092,9/24/17,Ouroboros,Playlist Pack,128,Db Major,Daniela Lí_pez,
Panic! At the Disco,Emperor's New Clothes,3,Lead,Vocals,"Rock, Pop",S01,C093,9/24/17,Ouroboros,Playlist Pack,95,Eb Minor,Zach Johnsen,
Evanescence,Bring Me To Life,1,Loop,Strings,Rock,S01,C094,9/24/17,Ouroboros,Playlist Pack,95,E Minor,Kate O'Hara,
Nightfeels,Find You,1,Loop,Guitar,"Rock, Pop",S01,C095,9/24/17,Ouroboros,Playlist Pack,150,A Minor,James Weinberg,
A Clutch of Heart Shards,In Honor Of...,2,Loop,Guitar,"Rock, Pop",S01,C096,9/24/17,Ouroboros,Playlist Pack,132,B Major,Gianna Ruggiero,
Walk the Moon,Shut Up And Dance,3,Loop,Guitar,"Rock, Pop",S01,C097,9/24/17,Ouroboros,Playlist Pack,128,Db Major,Daniela Lí_pez,
A Clutch of Heart Shards,In Honor Of...,1,Beat,Drums,"Rock, Pop",S01,C098,9/24/17,Ouroboros,Playlist Pack,132,n/a,Gianna Ruggiero,
Nightfeels,Find You,1,Beat,Drums,"Rock, Pop",S01,C099,9/24/17,Ouroboros,Playlist Pack,150,n/a,James Weinberg,
Weezer,King of the World,2,Beat,Drums,"Rock, Pop",S01,C100,9/24/17,Ouroboros,Playlist Pack,80,n/a,Hannah Lawler,
Panic! At the Disco,Emperor's New Clothes,3,Beat,Drums,"Rock, Pop",S01,C101,9/24/17,Ouroboros,Playlist Pack,95,n/a,Zach Johnsen,
A Clutch of Heart Shards,In Honor Of...,2,Bass,Guitar,"Rock, Pop",S01,C102,9/24/17,Ouroboros,Playlist Pack,132,B Major,Gianna Ruggiero,
Ed Sheeran,Sing,3,Bass,Guitar,"Pop, Rock",S01,C103,9/24/17,Ouroboros,Playlist Pack,120,Ab Minor,Ashley Mackenzie,
FX,The Shoreline,2,White,FX,Rock,S01,C104,9/24/17,Ouroboros,Playlist Pack,120,E Minor,Chris Koehler,+1 point for each Red card
FX,The Depths,2,White,FX,Rock,S01,C105,9/24/17,Ouroboros,Playlist Pack,140,Bb Minor,DKNG Studios LLC,Draw 2 cards
MGMT,Kids,2,Wild,V/K/D/K,"Rock, Dance/Electronic",S01,C106,9/24/17,Astro,Playlist Pack,123,A Major,Todd Slater,
Miike Snow,Genghis Khan,2,Lead,Vocals,Dance/Electronic,S01,C107,9/24/17,Astro,Playlist Pack,94,D Minor,Saeed Abu-Jaber,
ODESZA,Say My Name,3,Lead,Vocals,Dance/Electronic,S01,C108,9/24/17,Astro,Playlist Pack,115,B Minor,Lauren Saint Onge,
Miike Snow,Genghis Khan,1,Loop,Keys,Dance/Electronic,S01,C109,9/24/17,Astro,Playlist Pack,94,D Minor,Saeed Abu-Jaber,
The Venona Project,Fermionic,1,Loop,Keys,Dance/Electronic,S01,C110,9/24/17,Astro,Playlist Pack,150,D Minor,Jesse Philips,
Crackcase,Somatic,2,Loop,Sampler,Dance/Electronic,S01,C111,9/24/17,Astro,Playlist Pack,150,F Minor,Bryan Olson,
Jason Derulo,Want to Want Me,3,Loop,Keys,"Pop, R&B",S01,C112,9/24/17,Astro,Playlist Pack,114,Eb Major,Alex Dos Diaz,
LMFAO,Sexy And I Know It,1,Beat,Drums,"Dance/Electronic, Hip-Hop/Rap",S01,C113,9/24/17,Astro,Playlist Pack,130,n/a,Chris E. O'Neill,
ODESZA,Say My Name,1,Beat,Drums,Dance/Electronic,S01,C114,9/24/17,Astro,Playlist Pack,115,n/a,Lauren Saint Onge,
Crackcase,Somatic,2,Beat,Drums,Dance/Electronic,S01,C115,9/24/17,Astro,Playlist Pack,150,n/a,Bryan Olson,
The Venona Project,Fermionic,3,Beat,Drums,Dance/Electronic,S01,C116,9/24/17,Astro,Playlist Pack,150,n/a,Jesse Philips,
The Chainsmokers,Closer,2,Bass,Keys,"Dance/Electronic, Pop",S01,C117,9/24/17,Astro,Playlist Pack,95,F Minor,Kevin Hong,
The Venona Project,Fermionic,3,Bass,Keys,Dance/Electronic,S01,C118,9/24/17,Astro,Playlist Pack,150,D Minor,Jesse Philips,
FX,Component Synthesis,2,White,FX,Dance/Electronic,S01,C119,9/24/17,Astro,Playlist Pack,132,F Minor,Leonard Peng,+2 points for each pair of cards from the same song
FX,Dimensional Shift,2,White,FX,Dance/Electronic,S01,C120,9/24/17,Astro,Playlist Pack,150,E Minor,Leonard Peng,"Shuffle your hand into your deck, then draw the same number of cards"
Carrie Underwood,Blown Away,2,Wild,V/St/D/K,"Country, Pop",S01,C121,2/1/18,Lucky,Playlist Pack,137,A Minor,Lauren Saint Onge,
Zac Brown Band,Homegrown,2,Lead,Vocals,Country,S01,C122,2/1/18,Lucky,Playlist Pack,105,Gb Major,Charlie Wagers,
Big & Rich,Save A Horse (Ride A Cowboy),3,Lead,Vocals,Country,S01,C123,2/1/18,Lucky,Playlist Pack,102,E Major,Adam Hill,
Boot Steel,Rowdier The Better,1,Loop,Guitar,"Country, Pop",S01,C124,2/1/18,Lucky,Playlist Pack,99,E Major,Eric Nyffeler,
The Last Cavallard,Abilene And Down,1,Loop,Guitar,Country,S01,C125,2/1/18,Lucky,Playlist Pack,118,C Major,Half Hazard Press,
Big & Rich,Save A Horse (Ride A Cowboy),2,Loop,Guitar,Country,S01,C126,2/1/18,Lucky,Playlist Pack,102,E Major,Adam Hill,
Sam Hunt,House Party,3,Loop,Guitar,"Country, Pop",S01,C127,2/1/18,Lucky,Playlist Pack,104,Eb Major,Justin Santora,
The Last Cavallard,Abilene And Down,1,Beat,Drums,Country,S01,C128,2/1/18,Lucky,Playlist Pack,118,n/a,Half Hazard Press,
Zac Brown Band,Homegrown,1,Beat,Drums,Country,S01,C129,2/1/18,Lucky,Playlist Pack,105,n/a,Charlie Wagers,
Sam Hunt,House Party,2,Beat,Drums,"Country, Pop",S01,C130,2/1/18,Lucky,Playlist Pack,104,n/a,Justin Santora,
Poison,Every Rose Has Its Thorn,3,Beat,Drums,Rock,S01,C131,2/1/18,Lucky,Playlist Pack,82,n/a,Michael Byzewski,
Poison,Every Rose Has Its Thorn,2,Bass,Guitar,Rock,S01,C132,2/1/18,Lucky,Playlist Pack,82,Gb Major,Michael Byzewski,
The Last Cavallard,Abilene And Down,3,Bass,Guitar,Country,S01,C133,2/1/18,Lucky,Playlist Pack,118,C Major,Half Hazard Press,
FX,Quiet Wisdom,2,White,FX,Country,S01,C134,2/1/18,Lucky,Playlist Pack,120,G Major,Todd Slater,+1 point for each empty mix slot
FX,Ill Omen,3,White,FX,Country,S01,C135,2/1/18,Lucky,Playlist Pack,124,D Minor,Anthony Petrie,Extra equalizer spin
Fifth Harmony,Work From Home,2,Wild,V/K/D/K,"Pop, R&B",S01,C136,11/30/17,Flawless,Playlist Pack,105,Ab Major,Dan Stiles,
TLC,No Scrubs,2,Lead,Vocals,"R&B, Pop",S01,C137,11/30/17,Flawless,Playlist Pack,93,Ab Minor,Kimberly Salt,
Megan Trainor,All About That Bass,3,Lead,Vocals,"Pop, R&B",S01,C138,11/30/17,Flawless,Playlist Pack,134,A Major,Gianna Ruggiero,
Danny Humbles,Cherry Cordial,1,Loop,Keys,Pop,S01,C139,11/30/17,Flawless,Playlist Pack,128,B Minor,Leslie Herman,
Outkast,Ms. Jackson,1,Loop,Keys,Hip-Hop/Rap,S01,C140,11/30/17,Flawless,Playlist Pack,97,C Major,Irena Zablotska,
TLC,No Scrubs,2,Loop,Guitar,"R&B, Pop",S01,C141,11/30/17,Flawless,Playlist Pack,93,Ab Minor,Kimberly Salt,
Blanks,Hart and 12th,3,Loop,Keys,Dance/Electronic,S01,C142,11/30/17,Flawless,Playlist Pack,130,Bb Minor,Sophia Foster-Dimino,
Flo Rida,"I Don't Like It, I Love It",1,Beat,Drums,"Hip-Hop/Rap, Pop",S01,C143,11/30/17,Flawless,Playlist Pack,118,n/a,Whitney Lam,
Outkast,Ms. Jackson,1,Beat,Drums,Hip-Hop/Rap,S01,C144,11/30/17,Flawless,Playlist Pack,97,n/a,Irena Zablotska,
Blanks,Hart and 12th,2,Beat,Drums,Dance/Electronic,S01,C145,11/30/17,Flawless,Playlist Pack,130,n/a,Sophia Foster-Dimino,
Danny Humbles,Cherry Cordial,3,Beat,Drums,Pop,S01,C146,11/30/17,Flawless,Playlist Pack,128,n/a,Leslie Herman,
Megan Trainor,All About That Bass,2,Bass,Guitar,"Pop, R&B",S01,C147,11/30/17,Flawless,Playlist Pack,134,A Major,Gianna Ruggiero,
Danny Humbles,Cherry Cordial,3,Bass,Keys,Pop,S01,C148,11/30/17,Flawless,Playlist Pack,128,B Minor,Leslie Herman,
FX,The Dominant,2,White,FX,Pop,S01,C149,11/30/17,Flawless,Playlist Pack,145,F Minor,Shoko Ishida,+2 points for each Vocals card
FX,The Triumphant,3,White,FX,Pop,S01,C150,11/30/17,Flawless,Playlist Pack,145,B Minor,Shoko Ishida,+2 points for each Blue / Red pair
Anderson .PAAK,Am I Wrong (Ft. Schoolboy Q),2,Wild,V/K/D/K,"R&B, Hip-Hop/Rap",S01,C151,12/4/17,Bomb,Playlist Pack,115,A Minor,Gianna Ruggiero,
Technotronic,Pump Up The Jam,2,Lead,Vocals,Dance/Electronic,S01,C152,12/4/17,Bomb,Playlist Pack,128,C Minor,Hannah Christenson,
The Black Eyed Peas,Boom Boom Pow,3,Lead,Vocals,"Pop, Hip-Hop/Rap",S01,C153,12/4/17,Bomb,Playlist Pack,130,A Minor,Lauren Saint Onge,
The Weeknd,Can't Feel My Face,1,Loop,Guitar,"R&B, Pop",S01,C154,12/4/17,Bomb,Playlist Pack,108,A Minor,Justin Froning,
Victoria Chance,Theme From Broken Protocol,1,Loop,Strings,"Soundtrack, Classical",S01,C155,12/4/17,Bomb,Playlist Pack,145,A Minor,Tony Astone,
Joliet,Better Wake Up,2,Loop,Sampler,Hip-Hop/Rap,S01,C156,12/4/17,Bomb,Playlist Pack,140,E Minor,Matthew Eng,
Skrewbert,The Game Got You,3,Loop,Keys,Dance/Electronic,S01,C157,12/4/17,Bomb,Playlist Pack,150,Gb Minor,Anne Szabla,
The Black Eyed Peas,Boom Boom Pow,1,Beat,Drums,"Pop, Hip-Hop/Rap",S01,C158,12/4/17,Bomb,Playlist Pack,130,n/a,Lauren Saint Onge,
Victoria Chance,Theme From Broken Protocol,1,Beat,Drums,"Soundtrack, Classical",S01,C159,12/4/17,Bomb,Playlist Pack,145,n/a,Tony Astone,
Salt-N-Pepa,Push It,2,Beat,Drums,Hip-Hop/Rap,S01,C160,12/4/17,Bomb,Playlist Pack,130,n/a,Jesse Philips,
Joliet,Better Wake Up,3,Beat,Drums,Hip-Hop/Rap,S01,C161,12/4/17,Bomb,Playlist Pack,140,n/a,Matthew Eng,
Technotronic,Pump Up The Jam,2,Bass,Keys,Dance/Electronic,S01,C162,12/4/17,Bomb,Playlist Pack,128,C Minor,Hannah Christenson,
Victoria Chance,Theme From Broken Protocol,3,Bass,Strings,"Soundtrack, Classical",S01,C163,12/4/17,Bomb,Playlist Pack,145,A Minor,Tony Astone,
FX,Third Wave,2,White,FX,Hip-Hop/Rap,S01,C164,12/4/17,Bomb,Playlist Pack,110,n/a,Jeff Lowry,Play an extra Strings card
FX,First Chair,2,White,FX,Hip-Hop/Rap,S01,C165,12/4/17,Bomb,Playlist Pack,100,E Minor,Jeff Lowry,+2 points for each Strings card
New Order,Blue Monday,2,Wild,V/K/D/G,"Rock, Dance/Electronic",S01,C166,2018,Chiller,Playlist Pack,131,D Minor,Lauren Saint Onge,
James Landino,Break For Me,2,Lead,Vocals,"Dance/Electronic, Pop",S01,C167,2018,Chiller,Playlist Pack,121,F Minor,Bryan Olson,
Afrojack,Take Over Control,3,Lead,Vocals,Dance/Electronic,S01,C168,2018,Chiller,Playlist Pack,130,C Minor,Luke Drozd,
Altar State,This One Not That One,1,Loop,Keys,Dance/Electronic,S01,C169,2018,Chiller,Playlist Pack,128,E Major,Scott Campbell,
Tiny Taps,Dead Metrocard,1,Loop,Keys,Dance/Electronic,S01,C170,2018,Chiller,Playlist Pack,144,E Minor,Richard Humphreys,
CHVRCHES,The Mother We Share,2,Loop,Keys,Dance/Electronic,S01,C171,2018,Chiller,Playlist Pack,87,Db Major,Alison Polston,
Lossage,Moon Lab,3,Loop,Sampler,Dance/Electronic,S01,C172,2018,Chiller,Playlist Pack,107,Gb Minor,Ryan Lesser,
Jason Derulo,Want to Want Me,1,Beat,Drums,"Pop, R&B",S01,C173,2018,Chiller,Playlist Pack,114,n/a,Alex Dos Diaz,
The Chainsmokers,Closer,1,Beat,Drums,"Dance/Electronic, Pop",S01,C174,2018,Chiller,Playlist Pack,95,n/a,Kevin Hong,
Lossage,Moon Lab,2,Beat,Drums,Dance/Electronic,S01,C175,2018,Chiller,Playlist Pack,107,n/a,Ryan Lesser,
Altar State,This One Not That One,3,Beat,Drums,Dance/Electronic,S01,C176,2018,Chiller,Playlist Pack,128,n/a,Scott Campbell,
Lossage,Moon Lab,2,Bass,Keys,Dance/Electronic,S01,C177,2018,Chiller,Playlist Pack,107,Gb Minor,Ryan Lesser,
ODESZA,Say My Name,3,Bass,Keys,Dance/Electronic,S01,C178,2018,Chiller,Playlist Pack,115,B Minor,Lauren Saint Onge,
FX,Minor Lift,1,White,FX,Dance/Electronic,S01,C179,2018,Chiller,Playlist Pack,139,A Major,John Knoerl,+1 point for each Level 1 card
FX,Major Fall,3,White,FX,Dance/Electronic,S01,C180,2018,Chiller,Playlist Pack,128,G Minor,John Knoerl,-3 points from both teams
Hall & Oates,I Can't Go For That (No Can Do),2,Wild,V/K/D/G,"Rock, Pop",S01,C181,9/24/17,Dapper,Discover Pack,111,C Minor,Shawn Witt,
Winnage,The Night Porter,1,Lead,Horns,"Dance/Electronic, R&B",S01,C182,9/24/17,Dapper,Discover Pack,129,G Minor,Jerod Barker,
LMFAO,Sexy And I Know It,2,Lead,Vocals,"Dance/Electronic, Hip-Hop/Rap",S01,C183,9/24/17,Dapper,Discover Pack,130,G Minor,Chris E. O'Neill,
Marky Mark & The Funky Bunch,Good Vibrations,3,Lead,Vocals,"Hip-Hop/Rap, Pop",S01,C184,9/24/17,Dapper,Discover Pack,122,Bb Minor,Chris E. O'Neill,
Winnage,The Night Porter,1,Loop,Sampler,"Dance/Electronic, R&B",S01,C185,9/24/17,Dapper,Discover Pack,129,G Minor,Jerod Barker,
Gloria Gaynor,I Will Survive,2,Loop,Strings,"R&B, Dance/Electronic",S01,C186,9/24/17,Dapper,Discover Pack,116,A Minor,FREAK CITY,
Grant Pike,If You Get Down,3,Loop,Horns,"Pop, R&B",S01,C187,9/24/17,Dapper,Discover Pack,96,E Major,Justin Van Genderen,
Grant Pike,If You Get Down,1,Beat,Drums,"Pop, R&B",S01,C188,9/24/17,Dapper,Discover Pack,96,n/a,Justin Van Genderen,
Sia,Chandelier,2,Beat,Drums,Pop,S01,C189,9/24/17,Dapper,Discover Pack,87,n/a,Lisk Feng,
Gloria Gaynor,I Will Survive,3,Beat,Drums,"R&B, Dance/Electronic",S01,C190,9/24/17,Dapper,Discover Pack,116,n/a,FREAK CITY,
Grant Pike,If You Get Down,1,Bass,Guitar,"Pop, R&B",S01,C191,9/24/17,Dapper,Discover Pack,96,E Major,Justin Van Genderen,
Freda Turner,Hard Light,2,Bass,Keys,"Pop, Dance/Electronic",S01,C192,9/24/17,Dapper,Discover Pack,128,E Minor,David Medel,
Marky Mark & The Funky Bunch,Good Vibrations,3,Bass,Guitar,"Hip-Hop/Rap, Pop",S01,C193,9/24/17,Dapper,Discover Pack,122,Bb Minor,Chris E. O'Neill,
FX,Heart Song,2,White,FX,Pop,S01,C194,9/24/17,Dapper,Discover Pack,110,A Minor,James Weinberg,+2 points for each Horns card
FX,Head Rush,2,White,FX,Pop,S01,C195,9/24/17,Dapper,Discover Pack,104,n/a,Kimberly Salt,Play an extra Horns card
"Earth, Wind and Fire",September,2,Wild,V/H/D/G,"R&B, Dance/Electronic",S01,C196,9/24/17,Seer,Discover Pack,126,A Major,Eric Oppitz,
Righteous Palms Crew,Take U 4 A Ride,1,Lead,Sampler,"Pop, Dance/Electronic",S01,C197,9/24/17,Seer,Discover Pack,135,A Minor,Vance Kelly,
Run DMC,It's Tricky,2,Lead,Vocals,Hip-Hop/Rap,S01,C198,9/24/17,Seer,Discover Pack,128,F Minor,Jason Dettmer,
Sean Paul,Temperature,3,Lead,Vocals,"Reggae/Reggaeton, Hip-Hop/Rap",S01,C199,9/24/17,Seer,Discover Pack,125,Bb Minor,Eric Oppitz,
5 Bladed,Grimetime,1,Loop,Keys,Dance/Electronic,S01,C200,9/24/17,Seer,Discover Pack,143,Eb Minor,Andrew Vastagh,
Righteous Palms Crew,Take U 4 A Ride,2,Loop,Keys,"Pop, Dance/Electronic",S01,C201,9/24/17,Seer,Discover Pack,135,A Minor,Vance Kelly,
Fall Out Boy,Centuries,3,Loop,Keys,"Rock, Pop",S01,C202,9/24/17,Seer,Discover Pack,88,E Minor,YONIL,
5 Bladed,Grimetime,1,Beat,Drums,Dance/Electronic,S01,C203,9/24/17,Seer,Discover Pack,143,n/a,Munk One,
TLC,No Scrubs,2,Beat,Drums,"R&B, Pop",S01,C204,9/24/17,Seer,Discover Pack,93,n/a,Kimberly Salt,
The Jackson 5,I Want You Back,3,Beat,Drums,"R&B, Pop",S01,C205,9/24/17,Seer,Discover Pack,98,n/a,Conor Nolan,
Run DMC,It's Tricky,1,Bass,Guitar,Hip-Hop/Rap,S01,C206,9/24/17,Seer,Discover Pack,128,F Minor,Jason Dettmer,
The Jackson 5,I Want You Back,2,Bass,Guitar,"R&B, Pop",S01,C207,9/24/17,Seer,Discover Pack,98,Ab Major,Conor Nolan,
Righteous Palms Crew,Take U 4 A Ride,3,Bass,Keys,"Pop, Dance/Electronic",S01,C208,9/24/17,Seer,Discover Pack,135,A Minor,Vance Kelly,
FX,Alacrity,2,White,FX,Hip-Hop/Rap,S01,C209,9/24/17,Seer,Discover Pack,109,D Minor,Todd Slater,Play an extra Level 1 card
FX,Acrimony,2,White,FX,Hip-Hop/Rap,S01,C210,9/24/17,Seer,Discover Pack,90,Eb Minor,Todd Slater,Clear all opponent Red cards
Europe,The Final Countdown,2,Wild,V/K/D/G,Rock,S01,C211,9/24/17,Hightower,Discover Pack,117,Gb Minor,Dan Stiles,
Weezer,King of the World,1,Lead,Vocals,"Rock, Pop",S01,C212,9/24/17,Hightower,Discover Pack,80,Gb Major,Hannah Lawler,
Cake,Short Skirt Long Jacket,2,Lead,Vocals,Rock,S01,C213,9/24/17,Hightower,Discover Pack,120,D Major,Tanner Griepentrog,
Imagine Dragons,Radioactive,3,Lead,Vocals,"Rock, Pop",S01,C214,9/24/17,Hightower,Discover Pack,137,B Minor,Lauren Saint Onge,
Black Astrolabe,Parabola,1,Loop,Keys,Rock,S01,C215,9/24/17,Hightower,Discover Pack,110,G Major,Lauren Saint Onge,
Imagine Dragons,Radioactive,2,Loop,Guitar,"Rock, Pop",S01,C216,9/24/17,Hightower,Discover Pack,137,B Minor,Lauren Saint Onge,
Pale Shivers,The Exquisite Corpse,3,Loop,Guitar,Rock,S01,C217,9/24/17,Hightower,Discover Pack,128,E Minor,Leslie Herman,
Pale Shivers,The Exquisite Corpse,1,Beat,Drums,Rock,S01,C218,9/24/17,Hightower,Discover Pack,128,n/a,Leslie Herman,
Franz Ferdinand,Take Me Out,2,Beat,Drums,Rock,S01,C219,9/24/17,Hightower,Discover Pack,104,n/a,Ian Jepson,
Black Astrolabe,Parabola,3,Beat,Drums,Rock,S01,C220,9/24/17,Hightower,Discover Pack,110,n/a,Lauren Saint Onge,
Franz Ferdinand,Take Me Out,1,Bass,Guitar,Rock,S01,C221,9/24/17,Hightower,Discover Pack,104,E Minor,Ian Jepson,
Weezer,King of the World,2,Bass,Guitar,"Rock, Pop",S01,C222,9/24/17,Hightower,Discover Pack,80,Gb Major,Hannah Lawler,
Cake,Short Skirt Long Jacket,3,Bass,Guitar,Rock,S01,C223,9/24/17,Hightower,Discover Pack,120,D Major,Tanner Griepentrog,
FX,Bottom Line,2,White,FX,Rock,S01,C224,9/24/17,Hightower,Discover Pack,130,B Minor,YONIL,Play an extra Green card
FX,Face Melter,2,White,FX,Rock,S01,C225,9/24/17,Hightower,Discover Pack,120,E Minor,YONIL,+1 point for each Guitar card
Young M.C.,Bust A Move,2,Wild,V/Sa/D/G,Hip-Hop/Rap,S01,C226,9/24/17,Puff,Discover Pack,118,E Minor,Todd Slater,
Billzantium,Wishin' I Had It Now,1,Lead,Sampler,Dance/Electronic,S01,C227,9/24/17,Puff,Discover Pack,150,G Minor,Elio Moavero,
CHVRCHES,The Mother We Share,2,Lead,Vocals,Dance/Electronic,S01,C228,9/24/17,Puff,Discover Pack,87,Db Major,Alison Polston,
Duck Sauce,Barbra Streisand,3,Lead,Vocals,Dance/Electronic,S01,C229,9/24/17,Puff,Discover Pack,128,Eb Minor,F4D Studios,
Billzantium,Wishin' I Had It Now,1,Loop,Keys,Dance/Electronic,S01,C230,9/24/17,Puff,Discover Pack,150,G Minor,Elio Moavero,
Kyangi 3,Doki Doki Summer Days,2,Loop,Keys,"Soundtrack, Dance/Electronic",S01,C231,9/24/17,Puff,Discover Pack,140,Eb Minor,ZELOOT,
Duck Sauce,Barbra Streisand,3,Loop,Keys,Dance/Electronic,S01,C232,9/24/17,Puff,Discover Pack,128,Eb Minor,F4D Studios,
Ed Sheeran,Sing,1,Beat,Drums,"Pop, Rock",S01,C233,9/24/17,Puff,Discover Pack,120,n/a,Ashley Mackenzie,
Kyangi 3,Doki Doki Summer Days,2,Beat,Drums,"Soundtrack, Dance/Electronic",S01,C234,9/24/17,Puff,Discover Pack,140,n/a,ZELOOT,
Miike Snow,Genghis Khan,3,Beat,Drums,Dance/Electronic,S01,C235,9/24/17,Puff,Discover Pack,94,n/a,Saeed Abu-Jaber,
CHVRCHES,The Mother We Share,1,Bass,Keys,Dance/Electronic,S01,C236,9/24/17,Puff,Discover Pack,87,Db Major,Alison Polston,
Kyangi 3,Doki Doki Summer Days,2,Bass,Keys,"Soundtrack, Dance/Electronic",S01,C237,9/24/17,Puff,Discover Pack,140,Eb Minor,ZELOOT,
Billzantium,Wishin' I Had It Now,3,Bass,Keys,Dance/Electronic,S01,C238,9/24/17,Puff,Discover Pack,150,G Minor,Elio Moavero,
FX,Pulsar,2,White,FX,Dance/Electronic,S01,C239,9/24/17,Puff,Discover Pack,128,E Minor,Jeff Lowry,+2 points for each Sampler card
FX,Eclipser,3,White,FX,Dance/Electronic,S01,C240,9/24/17,Puff,Discover Pack,128,D Minor,Jeff Lowry,Clear opponent Yellow card
Commodores,Brick House,2,Wild,V/H/D/G,R&B,S01,C241,1/16/18,Fever,Discover Pack,106,A Minor,Todd Slater,
Francesca Sonora,You Didn't But You Had To,1,Lead,Keys,Pop,S01,C242,1/16/18,Fever,Discover Pack,122,C Minor,Jarom Vogel,
Bell Biv Devoe,Poison,2,Lead,Vocals,R&B,S01,C243,1/16/18,Fever,Discover Pack,112,Gb Minor,Burcu Korkmazyí_rek,
Ricky Martin,La Mordidita (Ft. Yotuel),3,Lead,Vocals,"Latin, Pop",S01,C244,1/16/18,Fever,Discover Pack,142,E Minor,Gianna Ruggiero,
La Guerra Naranja,Una Noche Míçs,1,Loop,Keys,"Pop, Latin",S01,C245,1/16/18,Fever,Discover Pack,96,F Minor,George Bletsis,
Carly Rae Jepsen,Call Me Maybe,2,Loop,Guitar,Pop,S01,C246,1/16/18,Fever,Discover Pack,120,G Major,Sander Berg,
Francesca Sonora,You Didn't But You Had To,3,Loop,Keys,Pop,S01,C247,1/16/18,Fever,Discover Pack,122,C Minor,Jarom Vogel,
Walk the Moon,Shut Up And Dance,1,Beat,Drums,"Rock, Pop",S01,C248,1/16/18,Fever,Discover Pack,128,n/a,Daniela Lí_pez,
Bell Biv Devoe,Poison,2,Beat,Drums,R&B,S01,C249,1/16/18,Fever,Discover Pack,112,Gb Minor,Burcu Korkmazyí_rek,
La Guerra Naranja,Una Noche Míçs,3,Beat,Drums,"Pop, Latin",S01,C250,1/16/18,Fever,Discover Pack,96,n/a,George Bletsis,
Ricky Martin,La Mordidita (Ft. Yotuel),1,Bass,Guitar,"Latin, Pop",S01,C251,1/16/18,Fever,Discover Pack,142,E Minor,Gianna Ruggiero,
Walk the Moon,Shut Up And Dance,2,Bass,Guitar,"Rock, Pop",S01,C252,1/16/18,Fever,Discover Pack,128,Db Major,Daniela Lí_pez,
Francesca Sonora,You Didn't But You Had To,3,Bass,Keys,Pop,S01,C253,1/16/18,Fever,Discover Pack,122,C Minor,Jarom Vogel,
FX,Racing Through,2,White,FX,Pop,S01,C254,1/16/18,Fever,Discover Pack,120,Ab Minor,Jennifer Lesser,Play an extra Yellow card
FX,Soaring Above,2,White,FX,Pop,S01,C255,1/16/18,Fever,Discover Pack,124,C Minor,Jennifer Lesser,+2 points for a Yellow card
Kool & The Gang,Jungle Boogie,2,Wild,V/H/D/G,"R&B, Dance/Electronic",S01,C256,1/16/18,Breaker,Discover Pack,97,G Minor,Gianna Ruggiero,
Far East Movement,Like A G6,1,Lead,Vocals,"Dance/Electronic, Hip-Hop/Rap",S01,C257,1/16/18,Breaker,Discover Pack,125,G Minor,Lauren Saint Onge,
Bignums,Larry's Place (Part II),2,Lead,Vocals,Hip-Hop/Rap,S01,C258,1/16/18,Breaker,Discover Pack,150,E Minor,Jim Mazza,
Flo Rida,"I Don't Like It, I Love It",3,Lead,Vocals,"Hip-Hop/Rap, Pop",S01,C259,1/16/18,Breaker,Discover Pack,118,D Minor,Whitney Lam,
Free Skates,Don't You Dare,1,Loop,Keys,Hip-Hop/Rap,S01,C260,1/16/18,Breaker,Discover Pack,150,Eb Minor,Gianna Ruggiero,
Macrotape,Barcoded,2,Loop,Keys,"Rock, Dance/Electronic",S01,C261,1/16/18,Breaker,Discover Pack,132,E Minor,Hannah Christenson,
Marky Mark & The Funky Bunch,Good Vibrations,3,Loop,Keys,"Hip-Hop/Rap, Pop",S01,C262,1/16/18,Breaker,Discover Pack,122,Bb Minor,Chris E. O'Neill,
Free Skates,Don't You Dare,1,Beat,Drums,Hip-Hop/Rap,S01,C263,1/16/18,Breaker,Discover Pack,150,n/a,Gianna Ruggiero,
Marky Mark & The Funky Bunch,Good Vibrations,2,Beat,Drums,"Hip-Hop/Rap, Pop",S01,C264,1/16/18,Breaker,Discover Pack,122,n/a,Chris E. O'Neill,
Macrotape,Barcoded,3,Beat,Drums,"Rock, Dance/Electronic",S01,C265,1/16/18,Breaker,Discover Pack,132,n/a,Hannah Christenson,
TLC,No Scrubs,1,Bass,Keys,"R&B, Pop",S01,C266,1/16/18,Breaker,Discover Pack,93,Ab Minor,Kimberly Salt,
Flo Rida,"I Don't Like It, I Love It",2,Bass,Guitar,"Hip-Hop/Rap, Pop",S01,C267,1/16/18,Breaker,Discover Pack,118,D Minor,Whitney Lam,
Far East Movement,Like A G6,3,Bass,Keys,"Dance/Electronic, Hip-Hop/Rap",S01,C268,1/16/18,Breaker,Discover Pack,125,G Minor,Lauren Saint Onge,
FX,Guardian Spirit,2,White,FX,Hip-Hop/Rap,S01,C269,1/16/18,Breaker,Discover Pack,90,E Major,Anne Szabla,Play an extra Sampler card
FX,Pack Mentality,2,White,FX,Hip-Hop/Rap,S01,C270,1/16/18,Breaker,Discover Pack,110,n/a,Anne Szabla,+1 point for each Keys card
Vampire Weekend,A-Punk,2,Wild,V/G/D/G,Rock,S01,C271,1/16/18,Socket,Discover Pack,88,D Major,Jennifer Lesser,
Franz Ferdinand,Take Me Out,1,Lead,Vocals,Rock,S01,C272,1/16/18,Socket,Discover Pack,104,E Minor,Ian Jepson,
Skrewbert,The Game Got You,2,Lead,Sampler,Dance/Electronic,S01,C273,1/16/18,Socket,Discover Pack,150,Gb Minor,Anne Szabla,
Fall Out Boy,Centuries,3,Lead,Vocals,"Rock, Pop",S01,C274,1/16/18,Socket,Discover Pack,88,E Minor,YONIL,
Pinhole Cage,Just About To Snap,1,Loop,Keys,Rock,S01,C275,1/16/18,Socket,Discover Pack,120,D Minor,Anthony Petrie,
Panic! At the Disco,Emperor's New Clothes,2,Loop,Horns,"Rock, Pop",S01,C276,1/16/18,Socket,Discover Pack,95,Eb Minor,Zach Johnsen,
Franz Ferdinand,Take Me Out,3,Loop,Guitar,Rock,S01,C277,1/16/18,Socket,Discover Pack,104,E Minor,Ian Jepson,
Evanescence,Bring Me To Life,1,Beat,Drums,Rock,S01,C278,1/16/18,Socket,Discover Pack,95,n/a,Kate O'Hara,
Bignums,Larry's Place (Part II),2,Beat,Drums,Hip-Hop/Rap,S01,C279,1/16/18,Socket,Discover Pack,150,n/a,Jim Mazza,
Fall Out Boy,Centuries,3,Beat,Drums,"Rock, Pop",S01,C280,1/16/18,Socket,Discover Pack,88,n/a,YONIL,
Imagine Dragons,Radioactive,1,Bass,Keys,"Rock, Pop",S01,C281,1/16/18,Socket,Discover Pack,137,B Minor,Lauren Saint Onge,
Pinhole Cage,Just About To Snap,2,Bass,Guitar,Rock,S01,C282,1/16/18,Socket,Discover Pack,120,D Minor,Anthony Petrie,
Panic! At The Disco,Emperor's New Clothes,3,Bass,Guitar,"Rock, Pop",S01,C283,1/16/18,Socket,Discover Pack,95,Eb Minor,Zach Johnsen,
FX,Wildin',1,White,FX,Rock,S01,C284,1/16/18,Socket,Discover Pack,80,E Minor,FREAK CITY,"Clear all Green, Blue, Red, Yellow cards"
FX,Stylin',2,White,FX,Rock,S01,C285,1/16/18,Socket,Discover Pack,122,E Minor,FREAK CITY,Play an extra Keys card
Dolly Parton,Jolene,2,Wild,V/G/D/G,Country,S01,C286,1/16/18,Moonlight,Discover Pack,112,Db Minor,Kate O'Hara,
Connecticut River Boys,Must Be Nice,1,Lead,Guitar,Country,S01,C287,1/16/18,Moonlight,Discover Pack,120,G Major,Andrew Vastagh,
Sam Hunt,House Party,2,Lead,Vocals,"Country, Pop",S01,C288,1/16/18,Moonlight,Discover Pack,104,Eb Major,Justin Santora,
Poison,Every Rose Has Its Thorn,3,Lead,Vocals,Rock,S01,C289,1/16/18,Moonlight,Discover Pack,82,Gb Major,Michael Byzewski,
Some Lover,"Days Ahead, Days Behind",1,Loop,Keys,"Country, Rock",S01,C290,1/16/18,Moonlight,Discover Pack,124,C Major,Chris Koehler,
Zac Brown Band,Homegrown,2,Loop,Strings,Country,S01,C291,1/16/18,Moonlight,Discover Pack,105,Gb Major,Charlie Wagers,
Poison,Every Rose Has Its Thorn,3,Loop,Guitar,Rock,S01,C292,1/16/18,Moonlight,Discover Pack,82,Gb Major,Michael Byzewski,
Boot Steel,Rowdier The Better,1,Beat,Drums,"Country, Pop",S01,C293,1/16/18,Moonlight,Discover Pack,99,n/a,Eric Nyffeler,
Connecticut River Boys,Must Be Nice,2,Beat,Drums,Country,S01,C294,1/16/18,Moonlight,Discover Pack,120,n/a,Andrew Vastagh,
Big & Rich,Save A Horse (Ride A Cowboy),3,Beat,Drums,Country,S01,C295,1/16/18,Moonlight,Discover Pack,102,n/a,Adam Hill,
Some Lover,"Days Ahead, Days Behind",1,Bass,Guitar,"Country, Rock",S01,C296,1/16/18,Moonlight,Discover Pack,124,C Major,Chris Koehler,
Big & Rich,Save A Horse (Ride A Cowboy),2,Bass,Guitar,Country,S01,C297,1/16/18,Moonlight,Discover Pack,102,E Major,Adam Hill,
Zac Brown Band,Homegrown,3,Bass,Guitar,Country,S01,C298,1/16/18,Moonlight,Discover Pack,105,Gb Major,Charlie Wagers,
FX,Team of Horses,2,White,FX,Country,S01,C299,1/16/18,Moonlight,Discover Pack,120,n/a,Anthony Petrie,Play an extra Blue card
FX,Conspiracy of Ravens,3,White,FX,Country,S01,C300,1/16/18,Moonlight,Discover Pack,100,n/a,Anthony Petrie,Clear opponent Green card
Ludwig Van Beethoven,5th Symphony,3,Lead,Strings,Classical,S01,C301,9/24/17,Baffler,Playlist Pack,96,C Minor,Leslie Herman,
Harmonix Music,Doctor Who Theme,3,Lead,Keys,Soundtrack,S01,C302,9/24/17,Baffler,Playlist Pack,139,E Minor,DKNG Studios LLC,
Harmonix Music,Baker Street,3,Lead,Horns,?,S01,C303,2018,Baffler,Playlist Pack,?,?,Shawn Witt,
LEN,Steal My Sunshine,3,Lead,Vocals,"Rock, Hip-Hop/Rap",S01,C304,9/24/17,Baffler,Playlist Pack,96,E Major,Justin Froning,
Connecticut River Boys,Didgeridoo Stomp,3,Loop,Sampler,Country,S01,C305,2/1/18,Baffler,Playlist Pack,120,Bb Major,Anne Szabla,
Harmonix Music,Wipe Out,3,Loop,Guitar,Rock,S01,C306,11/30/17,Baffler,Playlist Pack,150,B Major,Lauren Saint Onge,
Davis Franklin,Beat Boxer,3,Beat,Vocals,Hip-Hop/Rap,S01,C307,9/24/17,Baffler,Playlist Pack,130,n/a,Jeff Lowry,
J.S. Bach,Cello Suite No. 1 in G Major,3,Bass,Strings,Classical,S01,C308,12/4/17,Baffler,Playlist Pack,100,G Major,Anne Szabla,